<beans xmlns="http://www.springframework.org/schema/beans"
       xmlns:xsi="http://www.w3.org/2001/XMLSchema-instance"
       xmlns:context="http://www.springframework.org/schema/context"
       xmlns:mvc="http://www.springframework.org/schema/mvc"
       xsi:schemaLocation="http://www.springframework.org/schema/beans http://www.springframework.org/schema/beans/spring-beans-3.0.xsd
        http://www.springframework.org/schema/context http://www.springframework.org/schema/context/spring-context-3.0.xsd
        http://www.springframework.org/schema/mvc http://www.springframework.org/schema/mvc/spring-mvc-3.0.xsd">

    <!-- 扫描controller（controller层注入） -->
    <context:component-scan base-package="controller"/>

    <mvc:annotation-driven />
    <!-- 对模型视图添加前后缀 -->
    <bean id="viewResolver" class="org.springframework.web.servlet.view.InternalResourceViewResolver">
        <property name="prefix" value="jsp/"/>
        <property name="suffix" value=".jsp"/>
    </bean>

    <!--<bean id="multipartResolver" class="org.springframework.web.multipart.commons.CommonsMultipartResolver">-->
        <!--<property name="defaultEncoding" value="UTF-8"/>-->
        <!--<property name="maxUploadSize" value="2000000"/>-->
    <!--</bean>-->

    <mvc:resources location="/assets/" mapping="/assets/**" />

    <mvc:default-servlet-handler />

</beans>